Business Name,Phone,Street Address,Locality,Category,Rating
Sell My House Fast,N/A,N/A,N/A,Real Estate AgentsReal Estate Consultants,N/A
Hometown Properties,(409) 302-5020,N/A,N/A,Real Estate Developers,N/A
Remax,(409) 948-2330,N/A,N/A,Real Estate AgentsReal Estate Buyer BrokersReal Estate Consultants,N/A
Wyatt Real Estate,(409) 945-4424,N/A,N/A,Real Estate AgentsReal Estate Buyer BrokersReal Estate Management,N/A
Mansions at Moses Lake,(409) 943-5551,N/A,N/A,Real Estate AgentsApartment Finder & Rental ServiceReal Estate Management,N/A
Gulf Coast Realtors,(409) 945-7653,N/A,N/A,Real Estate AgentsReal Estate Buyer Brokers,N/A
Leopold & Strahan Realty Group,(409) 941-0010,N/A,N/A,Real Estate AgentsReal Estate Buyer Brokers,N/A
Global Real Estate,(409) 797-4216,N/A,N/A,Real Estate AgentsReal Estate Buyer Brokers,N/A
Bailey Properties Phase,(409) 986-4926,N/A,N/A,Real Estate AgentsReal Estate Buyer Brokers,N/A
H & A Enterprises Inc,(409) 945-4601,N/A,N/A,Real Estate Agents,N/A
"Shives, Lauren",(409) 682-2330,N/A,N/A,Real Estate Agents,N/A
Decker International Group,(281) 571-3325,N/A,N/A,Real Estate Agents,N/A
Step Real Estate,(409) 938-4135,N/A,N/A,Real Estate Agents,N/A
"Ables, Wanda, AGT",(409) 948-0990,N/A,N/A,Real Estate Agents,N/A
HLC Enterprises Inc,(409) 682-0210,N/A,N/A,Real Estate Agents,N/A
Deem Realty Mainland,(409) 949-4848,N/A,N/A,Real Estate AgentsReal Estate Buyer Brokers,N/A
Wilkenfeld Company,(409) 945-8336,N/A,N/A,Real Estate AgentsReal Estate AppraisersAppraisers,N/A
Etheredge Property Management,(409) 948-4573,N/A,N/A,Real Estate AgentsReal Estate ManagementCondominium Management,N/A
Etheredge Real Estate,(409) 948-1788,N/A,N/A,Real Estate AgentsReal Estate ManagementReal Estate Buyer Brokers,N/A
Trumpet Properties,(409) 945-9764,N/A,N/A,Real Estate AgentsReal Estate ManagementReal Estate Buyer Brokers,N/A
Properties Plus,(409) 941-0211,N/A,N/A,Real Estate AgentsReal Estate ManagementReal Estate Buyer Brokers,N/A
Leopold Strahan,(409) 359-3434,N/A,N/A,Real Estate AgentsReal Estate ManagementReal Estate Buyer Brokers,N/A
NRP Group,(409) 908-0586,N/A,N/A,Real Estate AgentsCommercial Real Estate,N/A
Becky Nigrelle,(409) 229-7468,N/A,N/A,Real Estate AgentsReal Estate Buyer Brokers,N/A
Tom Berry REI,(409) 229-7251,N/A,N/A,Real Estate AgentsReal Estate Buyer Brokers,N/A
Becky Nigrelle Co,(409) 229-7468,N/A,N/A,Real Estate AgentsReal Estate Buyer Brokers,N/A
Jmk5 Texas City,(409) 986-3899,N/A,N/A,Real Estate AgentsReal Estate Buyer Brokers,N/A
Four Seasons Estate Services,(409) 392-2205,N/A,N/A,Real Estate AgentsEstate Appraisal & Sales,N/A
G & J Realty Solutions,(409) 945-3200,N/A,N/A,Real Estate AgentsReal Estate InvestingReal Estate Buyer Brokers,N/A
Stone Ridge Apartments,(833) 766-5175,N/A,N/A,ApartmentsReal Estate Rental ServiceApartment Finder & Rental Service,
Tradewinds Apartments,(409) 948-8761,N/A,N/A,ApartmentsReal Estate Rental ServiceApartment Finder & Rental Service,
PNC Mortgage,(409) 948-8488,N/A,N/A,MortgagesReal Estate Loans,N/A
Texas First Bank,(409) 948-1990,N/A,N/A,BanksLoansReal Estate Loans,N/A
Investar Bank,(409) 943-4533,N/A,N/A,BanksReal Estate Loans,N/A
Terraces at 2602,(409) 945-2589,N/A,N/A,ApartmentsReal Estate Rental ServiceApartment Finder & Rental Service,N/A
The Veranda Apartments,(409) 948-0210,N/A,N/A,Furnished ApartmentsApartmentsReal Estate Rental Service,N/A
Boterra at Lago Mar,(409) 207-0999,N/A,N/A,ApartmentsReal Estate Rental Service,N/A
Beazer Homes Sunrise Cove,(409) 359-2461,N/A,N/A,Home BuildersReal Estate DevelopersHome Design & Planning,N/A
Lago Mar by Ashton Woods,(832) 895-7995,N/A,N/A,Home BuildersReal Estate DevelopersHome Design & Planning,N/A
Lago Mar by Pulte Homes,(832) 777-4938,N/A,N/A,Home BuildersReal Estate DevelopersHome Design & Planning,N/A
Harbour Glen,(409) 995-0245,N/A,N/A,Real Estate ManagementReal Estate Rental Service,N/A
Palmer House Apartments,(409) 948-1151,N/A,N/A,Apartment Finder & Rental ServiceApartmentsReal Estate Rental Service,N/A
Mira Vista Apartments,(409) 797-4649,N/A,N/A,Apartment Finder & Rental ServiceApartmentsReal Estate Rental Service,N/A
Green Meadows Apartments,(409) 945-3340,N/A,N/A,Apartment Finder & Rental ServiceApartmentsReal Estate Rental Service,N/A
Heritage Square Apartments,(409) 945-9345,N/A,N/A,ApartmentsReal Estate Rental ServiceApartment Finder & Rental Service,N/A
Coral Manner Apartments,(409) 949-9595,N/A,N/A,ApartmentsReal Estate Rental ServiceApartment Finder & Rental Service,N/A
Parkwood Apartments,(409) 945-2975,N/A,N/A,ApartmentsFurnished ApartmentsReal Estate Rental Service,N/A
Baypointe Manor Apartments,(409) 945-0135,N/A,N/A,ApartmentsReal Estate Rental ServiceApartment Finder & Rental Service,N/A
Ashton Park Apartments,(409) 945-2589,N/A,N/A,ApartmentsReal Estate Rental ServiceRental Vacancy Listing Service,N/A
Lakewood Apartments,(409) 945-8205,N/A,N/A,ApartmentsFurnished ApartmentsReal Estate Rental Service,N/A
Haney & Associates,(409) 943-4200,N/A,N/A,Real Estate AppraisersAppraisers,N/A
Saint Charles Mortgage,(409) 229-7478,N/A,N/A,MortgagesReal Estate Loans,N/A
Mainland Crossing,(409) 938-3000,N/A,N/A,ApartmentsReal Estate Rental ServiceApartment Finder & Rental Service,N/A
Costa Mariposa Apartments,(409) 908-0552,N/A,N/A,ApartmentsReal Estate Rental Service,N/A
"H.J. ""Mike"" Cooper",(409) 632-5029,N/A,N/A,MortgagesFinancial ServicesReal Estate Loans,N/A
AMG the Oaks Apartments,(409) 933-1200,N/A,N/A,ApartmentsFurnished ApartmentsReal Estate Rental Service,N/A
Galveston Central Appraisal District,(409) 986-8515,N/A,N/A,AppraisersReal Estate Appraisers,N/A
Academy Mortgage Corp,(409) 229-1027,N/A,N/A,MortgagesLoansSavings & Loans,N/A
Wells Fargo Mortgage,(888) 418-6150,N/A,N/A,Real Estate LoansMortgages,N/A
Tara Apartments,(409) 941-0500,N/A,N/A,Apartment Finder & Rental ServiceReal Estate Management,N/A
Shoal Pointe Apartments,(409) 945-2866,N/A,N/A,CondominiumsApartmentsCondominium Management,N/A
Shoal Pointe Apartments,(409) 945-2866,N/A,N/A,CondominiumsApartmentsCondominium Management,N/A
BFJ Construction Inc,(409) 948-4388,N/A,N/A,General ContractorsReal Estate Developers,N/A
Leopld & Strahan Property Management,(409) 359-3434,N/A,N/A,Real Estate Management,N/A
Nunez Construction Co Inc,(409) 945-3459,N/A,N/A,General ContractorsBuilding Contractors-Commercial & IndustrialReal Estate Developers,N/A
Harbour Homes Inc,(409) 943-4828,N/A,N/A,Home BuildersReal Estate Developers,N/A
Greeneco Builders,(409) 797-4332,N/A,N/A,General ContractorsReal Estate DevelopersBuilding Construction Consultants,N/A
Texas Cash Home Buyers - Sell Your House Fast For Cash,(409) 547-7783,N/A,N/A,Real Estate Management,N/A
Lawyers Title Co,(409) 942-1996,N/A,N/A,AttorneysReal Estate Buyer BrokersGeneral Practice Attorneys,N/A
CMC Construction Services,(409) 945-3480,N/A,N/A,General ContractorsReal Estate DevelopersConcrete Contractors,N/A
Protherm Services,(409) 948-8581,N/A,N/A,General ContractorsHome BuildersPainting Contractors,N/A
Versa Property Management,(409) 908-0498,N/A,N/A,Real Estate Management,N/A
"Smith, Mark, AGT",(409) 935-7394,N/A,N/A,Real Estate Buyer BrokersInsurance,N/A
KB Home Vida Costera,(281) 721-0837,N/A,N/A,Home BuildersReal Estate DevelopersGeneral Contractors,N/A
Colina Homes,(409) 316-4622,N/A,N/A,Real Estate Developers,N/A
Greene Co Builders,(409) 316-4982,N/A,N/A,General ContractorsReal Estate Developers,N/A
Anglia Homes LP,(409) 229-7264,N/A,N/A,Home BuildersReal Estate Developers,N/A
Colina Homes,(409) 316-9282,N/A,N/A,Real Estate Developers,N/A
Colina Homes,(409) 316-4361,N/A,N/A,Real Estate Developers,N/A
Gehan Homes at Lago Mar Classic,(409) 316-4252,N/A,N/A,Home BuildersReal Estate Developers,N/A
James W Turner Construction Ltd,(409) 655-5730,N/A,N/A,General ContractorsReal Estate Developers,N/A
House Buyer Network,(833) 274-7871,N/A,N/A,Real Estate AgentsReal Estate Consultants,N/A
Sell My House Fast,(833) 275-0061,N/A,N/A,Real Estate AgentsReal Estate Consultants,N/A
Liz Buys Houses,(833) 274-9691,N/A,N/A,Real Estate AgentsReal Estate Consultants,N/A
"Reverse Lead Club, LLC",(866) 666-5541,N/A,N/A,LoansReal Estate LoansMortgages,
Southern Living Realty,(281) 337-4121,N/A,N/A,Real Estate AgentsReal Estate Consultants,N/A
Wyatt Real Estate,(409) 945-4424,N/A,N/A,Real Estate AgentsReal Estate Buyer BrokersReal Estate Consultants,N/A
RE/MAX 1st Choice,(409) 356-4612,N/A,N/A,Real Estate Agents,N/A
Miles Real Estate,(409) 938-0594,N/A,N/A,Real Estate AgentsReal Estate Buyer Brokers,N/A
Vista Real Estate,(409) 938-8000,N/A,N/A,Real Estate Agents,N/A
Doak Hoover Coastal Properties PW,(915) 276-6474,N/A,N/A,Real Estate Agents,N/A
Rapp Barney Realtors Inc,(281) 480-6555,N/A,N/A,Real Estate Agents,N/A
Regal Properties,(409) 935-1242,N/A,N/A,Real Estate AgentsReal Estate ManagementReal Estate Buyer Brokers,N/A
American Villas,(281) 320-1000,N/A,N/A,Real Estate AgentsReal Estate Management,N/A
The Texas Mortgage Company,(866) 858-8466,N/A,N/A,Real Estate Loans,
The Breakers,(409) 938-8813,N/A,N/A,ApartmentsFurnished ApartmentsReal Estate Rental Service,
Austin Investment Co,(409) 935-2911,N/A,N/A,Real Estate InvestingInvestments,N/A
Barry Shaneyfelt Construction,(409) 995-0130,N/A,N/A,General ContractorsReal Estate DevelopersBuilding Contractors-Commercial & Industrial,N/A
Mar Nan Apartments,(409) 935-9174,N/A,N/A,Apartment Finder & Rental ServiceReal Estate Management,N/A
Texas First Bank-Credit Novo,(409) 935-3523,N/A,N/A,Real Estate Management,N/A
Champion Builders,(409) 938-3052,N/A,N/A,Home BuildersReal Estate DevelopersBuilding Contractors,N/A
D. Green & Associates,(409) 718-0109,N/A,N/A,Real Estate Buyer Brokers,N/A
Meadows Construction Inc,(409) 935-9900,N/A,N/A,Building ContractorsReal Estate DevelopersConcrete Contractors,N/A
Island Real Estate Professionals,(409) 939-4144,N/A,N/A,Real Estate InvestingReal Estate Buyer Brokers,N/A
Oleanders on Broadway,(409) 515-4010,N/A,N/A,Real Estate Rental Service,N/A
Spicer Larry General Contractor,(409) 762-1081,N/A,N/A,General ContractorsReal Estate DevelopersBuilding Contractors,N/A
Clark Homes,(409) 941-0222,N/A,N/A,Home BuildersReal Estate Developers,N/A
Higginbotham Construction Inc,(409) 945-4087,N/A,N/A,General ContractorsReal Estate Developers,N/A
AM Coastal Construction,(409) 739-3265,N/A,N/A,"Home BuildersWindows-Repair, Replacement & InstallationGarages-Building & Repairing",N/A
Keith Downs Custom Homes,(409) 350-9004,N/A,N/A,Home BuildersGeneral ContractorsReal Estate Developers,N/A
Charles Michael Custom Homes,(409) 684-1001,N/A,N/A,Home BuildersReal Estate Developers,N/A
Walz Family Builders,(409) 515-8126,N/A,N/A,Home BuildersReal Estate Developers,N/A
Mohagany Builders Inc,(409) 945-5121,N/A,N/A,General ContractorsReal Estate DevelopersBuilding Contractors,N/A
Mainland Builders Inc,(409) 943-4242,N/A,N/A,General ContractorsReal Estate DevelopersBuilding Contractors,N/A
K. Hovnanian Homes Centennial Oaks,(888) 691-5163,N/A,N/A,Home BuildersReal Estate Developers,N/A
Kwt,(409) 684-1275,N/A,N/A,Home BuildersReal Estate DevelopersConcrete Contractors,N/A
Prudential Gary Greene,(409) 938-1121,N/A,N/A,Real Estate AgentsReal Estate Buyer BrokersCommercial Real Estate,N/A
Tom Schwenk Galveston Real Estate,(713) 857-2309,N/A,N/A,Real Estate AgentsCommercial Real Estate,
JANKE & CO PROPERTIES,(281) 686-2088,N/A,N/A,Real Estate Agents,N/A
Stepchinski Realtors LLP,(409) 938-4135,N/A,N/A,Real Estate AgentsReal Estate Buyer BrokersCommercial Real Estate,N/A
"Eriksson, Carla, AGT",(409) 938-0503,N/A,N/A,Real Estate AgentsReal Estate Buyer BrokersCommercial Real Estate,N/A
"Jenkins, William, AGT",(409) 526-9439,N/A,N/A,Real Estate AgentsReal Estate Buyer BrokersReal Estate Consultants,N/A
Menotti Real Estate,(409) 457-1986,N/A,N/A,Real Estate AgentsReal Estate Buyer Brokers,N/A
Comiskey Realty,(409) 935-0086,N/A,N/A,Real Estate AgentsReal Estate Buyer Brokers,N/A
Newport Gel,(409) 740-4200,N/A,N/A,Real Estate AgentsReal Estate Buyer Brokers,N/A
Targa Properties,(409) 316-4633,N/A,N/A,Real Estate AgentsReal Estate Buyer Brokers,N/A
Galvan Group Real Estate,(832) 384-4229,N/A,N/A,Real Estate AgentsReal Estate Buyer Brokers,N/A
The Cousin Properties Antonio Smith,(713) 213-7340,N/A,N/A,Real Estate AgentsReal Estate Buyer Brokers,N/A
Lighthouse Harbour Realty,(409) 440-8268,N/A,N/A,Real Estate Agents,N/A
Island Real Estate,(281) 380-3808,N/A,N/A,Real Estate Agents,N/A
JWK Enterprises Inc,(409) 935-3131,N/A,N/A,Real Estate Agents,N/A
The Hatmaker Group - William Jenkins,(409) 526-9439,N/A,N/A,Real Estate Agents,N/A
Blu,(409) 220-3564,N/A,N/A,Real Estate Agents,N/A
Caminos Historic Properties,(713) 897-9010,N/A,N/A,Real Estate Agents,N/A
Real Living the Hatmaker Group,(409) 744-4622,N/A,N/A,Real Estate Agents,N/A
Pelican Realty,(409) 744-4114,N/A,N/A,Real Estate Agents,N/A
"Galveston, TX Realtor - Michael Taber",(832) 231-7152,N/A,N/A,Real Estate Agents,N/A
Houston Realty,(281) 752-6582,N/A,N/A,Real Estate AgentsReal Estate Buyer Brokers,N/A
Priority Home Buyers | Sell My House Fast for Cash Galveston,(409) 235-7379,N/A,N/A,Real Estate AgentsReal Estate Buyer BrokersAuctions,N/A
Lennar Homes -Delany Cove -Brookstone and Fairfield,(409) 927-5951,N/A,N/A,Real Estate AgentsHome BuildersResidential Designers,N/A
Coldwell Banker,(409) 938-8000,N/A,N/A,Real Estate AgentsReal Estate Buyer BrokersReal Estate Developers,N/A
Ryson Vacation Rentals,(409) 740-1600,N/A,N/A,Real Estate AgentsReal Estate Rental ServiceReal Estate Management,N/A
Ryson Real Estate Holdings,(409) 740-1600,N/A,N/A,Real Estate AgentsReal Estate Rental ServiceRental Service Stores & Yards,N/A
Neptune Properties,(409) 935-9156,N/A,N/A,Real Estate AgentsReal Estate ManagementReal Estate Rental Service,N/A
Caren Barnette Real Estate,(409) 419-6550,N/A,N/A,Real Estate AgentsReal Estate ConsultantsReal Estate Buyer Brokers,N/A
Dals Interests,(409) 933-4700,N/A,N/A,Real Estate AgentsReal Estate Buyer Brokers,N/A
Realty Executives Advantage,(409) 744-9700,N/A,N/A,Real Estate AgentsVacation Homes Rentals & SalesReal Estate Management,N/A
Manage4 Us,(409) 744-9700,N/A,N/A,Real Estate AgentsReal Estate Management,N/A
Tiki Plaza Kington Properties,(409) 908-0801,N/A,N/A,Real Estate AgentsProperty Maintenance,N/A
Tropical Gardens RV Park & Resort,(281) 339-1729,N/A,N/A,Vacation Homes Rentals & SalesLodgingRecreational Vehicles & Campers,
Highland Manor,(409) 935-3358,N/A,N/A,ApartmentsReal Estate Rental ServiceApartment Finder & Rental Service,
PNC Mortgage,(409) 744-4571,N/A,N/A,MortgagesReal Estate Loans,N/A
The Life at Emerald Oaks,(409) 316-0302,N/A,N/A,Real Estate Rental ServiceReal Estate ManagementApartment Finder & Rental Service,N/A
Trinity Oaks Apartment Homes,(844) 966-2760,N/A,N/A,Apartment Finder & Rental ServiceApartmentsReal Estate Rental Service,N/A
Dsw Homes,(409) 744-3400,N/A,N/A,Home BuildersReal Estate Developers,N/A
S & D Coastal Construction,(281) 549-6190,N/A,N/A,General ContractorsReal Estate DevelopersAltering & Remodeling Contractors,N/A
Exclusive Housing Solutions,(832) 225-2334,N/A,N/A,Real Estate Investing,N/A
Gulf Breeze Apartments,(409) 938-8961,N/A,N/A,ApartmentsReal Estate Rental ServiceApartment Finder & Rental Service,N/A
"Horizon Meadows Apartments, Ltd.",(409) 935-3700,N/A,N/A,ApartmentsReal Estate Rental ServiceApartment Finder & Rental Service,N/A
Secure Mortgage Co,(409) 741-9300,N/A,N/A,Real Estate Loans,N/A
University Apartments,(409) 741-9100,N/A,N/A,ApartmentsReal Estate Rental Service,N/A
Davis & Co,(409) 986-5928,N/A,N/A,Real Estate Appraisers,N/A
Enchanted Oaks Apartments,(409) 986-6075,N/A,N/A,ApartmentsReal Estate Rental Service,N/A
NTFN Inc,(409) 974-4818,N/A,N/A,Real Estate Loans,N/A
Premier Nationwide Lending,(713) 412-3709,N/A,N/A,Real Estate Loans,N/A
Compass Pointe,(409) 750-9944,N/A,N/A,Real Estate Rental Service,N/A
Seaport Village Apartments,(409) 741-8222,N/A,N/A,ApartmentsReal Estate Rental Service,N/A
Roco Cedar Lawn,(409) 763-8223,N/A,N/A,ApartmentsReal Estate Rental Service,N/A
Strand Lofts,(409) 765-5638,N/A,N/A,ApartmentsApartment Finder & Rental ServiceReal Estate Rental Service,N/A
Turnkey Vacation Rentals - Galveston,(409) 877-7680,N/A,N/A,Vacation Homes Rentals & SalesReal Estate Rental Service,N/A
Coast Breeze Apartments,(409) 741-8202,N/A,N/A,ApartmentsReal Estate Rental Service,N/A
Mandolin Pier,(281) 339-3143,N/A,N/A,MortgagesFinancing ServicesReal Estate Loans,N/A
Saltwater Real Estate,(281) 339-1314,N/A,N/A,Commercial Real Estate,N/A
Safari South Apts,(281) 337-1899,N/A,N/A,ApartmentsReal Estate Rental Service,N/A
ABC Relocation System,(409) 933-3057,N/A,N/A,Relocation ServiceMoving Services-Labor & MaterialsReal Estate Management,N/A
Fdh Construction,(409) 229-7154,N/A,N/A,General ContractorsReal Estate DevelopersBuilding Contractors-Commercial & Industrial,N/A
Kennedy Construction Inc,(409) 744-5505,N/A,N/A,Construction ManagementReal Estate Developers,N/A
Humax II LP,(409) 740-6988,N/A,N/A,General ContractorsReal Estate Developers,N/A
Bent Oaks Apartments,(409) 316-0125,N/A,N/A,Apartment Finder & Rental ServiceReal Estate ManagementApartments,N/A
Jackson Cove Apartment,(409) 316-9396,N/A,N/A,Apartment Finder & Rental ServiceReal Estate Management,N/A
Guidry Construction Group,(409) 440-8471,N/A,N/A,Real Estate Developers,N/A
Fichera Builders Inc,(409) 440-8090,N/A,N/A,General ContractorsDemolition ContractorsBuilding Contractors-Commercial & Industrial,N/A
519 Property,(409) 440-8733,N/A,N/A,Real Estate Management,N/A
Greeneco Builders,(409) 316-9003,N/A,N/A,General ContractorsReal Estate DevelopersBuilding Contractors,N/A
Anglia Homes,(409) 440-8002,N/A,N/A,Home BuildersReal Estate Developers,N/A
Watson & Taylor Self Storage,(409) 744-6611,N/A,N/A,Real Estate Management,N/A
Greene Co Builders,(409) 316-9786,N/A,N/A,General ContractorsReal Estate Developers,N/A
Harborwalk Guard Shack,(409) 935-8262,N/A,N/A,Real Estate Developers,N/A
Anglia Homes,(281) 943-5288,N/A,N/A,Home BuildersReal Estate Developers,N/A
Prida Construction,(409) 443-5322,N/A,N/A,Home BuildersReal Estate ManagementBuilding Contractors-Commercial & Industrial,N/A
Rismiller Construction Inc,(409) 763-5956,N/A,N/A,General ContractorsReal Estate Developers,N/A
Shearn-Moody Plaza Executive,(409) 765-7675,N/A,N/A,Real Estate Management,N/A
Mtc Trans Construction,(409) 497-2300,N/A,N/A,General ContractorsReal Estate Developers,N/A
The Trinity Homes Group,(409) 497-2195,N/A,N/A,Real Estate Developers,N/A
Jeter & Associates,(409) 974-4575,N/A,N/A,Real Estate Management,N/A
Management McCormack Baron,(409) 497-2514,N/A,N/A,Real Estate Developers,N/A
Premirelli Construction,(409) 974-4238,N/A,N/A,General ContractorsReal Estate DevelopersBuilding Contractors-Commercial & Industrial,N/A
Lance Construction Service,(281) 549-4610,N/A,N/A,Real Estate Developers,N/A
Good Gar Construction,(281) 549-4048,N/A,N/A,Real Estate Developers,N/A
ENG Construction Inc,(281) 532-6389,N/A,N/A,Real Estate Developers,N/A
Bayou Realtors,(281) 337-4557,N/A,N/A,Real Estate AgentsCommercial Real EstateReal Estate Consultants,
Joe Tramonte Realty Inc.,(409) 765-9837,N/A,N/A,Real Estate AgentsCondominium ManagementCondominiums,N/A
Century 21,(409) 737-2300,N/A,N/A,Real Estate AgentsReal Estate Consultants,N/A
Abbott Realty,(281) 337-1751,N/A,N/A,Real Estate AgentsReal Estate Buyer Brokers,N/A
The Shelton Company,(409) 765-5600,N/A,N/A,Real Estate AgentsReal Estate Buyer Brokers,N/A
Deem Realty,(409) 765-7773,N/A,N/A,Real Estate AgentsReal Estate Buyer Brokers,
Gulf Coast Realtors,(281) 549-7283,N/A,N/A,Real Estate AgentsReal Estate Buyer Brokers,
Century 21,(281) 334-6262,N/A,N/A,Real Estate AgentsReal Estate Consultants,N/A
Jena Thomas A Texas Realtor at Save 1900 Realty,(409) 256-7183,N/A,N/A,Real Estate AgentsReal Estate Buyer Brokers,N/A
Susanna Mayberry Realtor,(409) 234-6618,N/A,N/A,Real Estate Agents,N/A
Spagnola Realty Group,(409) 200-8212,N/A,N/A,Real Estate Agents,N/A
"Ashley Marquez, Galveston Realtor",(832) 692-7455,N/A,N/A,Real Estate Agents,N/A
Better Homes & Gardens Gary Greene,(409) 737-5200,N/A,N/A,Real Estate Agents,N/A
Red Diamond Realty,(281) 468-6314,N/A,N/A,Real Estate Agents,N/A
Re/Max,(409) 927-2000,N/A,N/A,Real Estate AgentsReal Estate Buyer BrokersReal Estate Consultants,N/A
Re/Max,(409) 927-2000,N/A,N/A,Real Estate AgentsReal Estate Buyer BrokersReal Estate Consultants,N/A
Re/Max,(281) 339-1814,N/A,N/A,Real Estate AgentsReal Estate Buyer BrokersReal Estate Consultants,N/A
Re/Max,(281) 678-8862,N/A,N/A,Real Estate AgentsReal Estate Buyer BrokersReal Estate Consultants,N/A
RE/MAX Space Center,(281) 333-1700,N/A,N/A,Real Estate AgentsReal Estate Buyer BrokersReal Estate Consultants,N/A
Graber Charna,(409) 740-1234,N/A,N/A,Real Estate AgentsReal Estate Rental ServiceReal Estate Management,N/A
Villas on the Strand,(409) 621-5092,N/A,N/A,Real Estate AgentsReal Estate ManagementReal Estate Rental Service,N/A
Prudential Real Estate,(409) 621-1083,N/A,N/A,Real Estate AgentsReal Estate Buyer BrokersCommercial Real Estate,N/A
Boaters Real Estate,(409) 497-4757,N/A,N/A,Real Estate AgentsCommercial Real EstateReal Estate Buyer Brokers,N/A
Bob Rowland Real Estate Inc,(281) 339-1563,N/A,N/A,Real Estate AgentsCommercial Real EstateReal Estate Buyer Brokers,N/A
Remax,(832) 680-1517,N/A,N/A,Real Estate AgentsReal Estate Buyer BrokersCommercial Real Estate,N/A
Tammy Petterson Utr Texas Realtors,(832) 221-8755,N/A,N/A,Real Estate AgentsReal Estate Buyer BrokersReal Estate Consultants,N/A
My Galveston Getaway Inc,(409) 443-5512,N/A,N/A,Real Estate AgentsReal Estate ManagementReal Estate Buyer Brokers,N/A
Zapp Realty,(409) 762-8476,N/A,N/A,Real Estate AgentsReal Estate Buyer BrokersReal Estate Management,N/A
Ryson Real Estate Holdings,(409) 740-1600,N/A,N/A,Real Estate AgentsReal Estate Rental ServiceVacation Homes Rentals & Sales,N/A
Santa Fe Realty,(409) 925-3562,N/A,N/A,Real Estate AgentsCommercial Real Estate,N/A
Lisa Gregory Real Estate Group,(409) 632-2198,N/A,N/A,Real Estate AgentsReal Estate Buyer Brokers,N/A
Leopold & Strahan Realty Group,(409) 632-7830,N/A,N/A,Real Estate AgentsReal Estate Buyer Brokers,N/A
Galveston Real Estate Resource,(409) 515-0594,N/A,N/A,Real Estate AgentsReal Estate Buyer Brokers,N/A
Big House Properties,(409) 741-9779,N/A,N/A,Real Estate AgentsReal Estate Buyer Brokers,N/A
Mcdaniel Properties,(409) 741-7710,N/A,N/A,Real Estate AgentsReal Estate Buyer Brokers,N/A
Leopold & Strahan Realty,(409) 765-5114,N/A,N/A,Real Estate AgentsReal Estate Buyer Brokers,N/A
Weingarten Realty,(409) 741-3000,N/A,N/A,Real Estate AgentsReal Estate Buyer Brokers,N/A
Frank Ball Realty,(409) 763-5668,N/A,N/A,Real Estate AgentsReal Estate Buyer Brokers,N/A
Charna Graber Real Estate Inc,(409) 744-5900,N/A,N/A,Real Estate AgentsReal Estate Buyer Brokers,N/A
Connect Realty,(409) 539-5668,N/A,N/A,Real Estate AgentsReal Estate Buyer Brokers,N/A
Texas 1st Choice Realty,(409) 316-9237,N/A,N/A,Real Estate AgentsReal Estate Buyer Brokers,N/A
Eaton Realty Galveston,(409) 766-1111,N/A,N/A,Real Estate AgentsReal Estate Buyer Brokers,N/A
Seaside Properties,(409) 974-4410,N/A,N/A,Real Estate AgentsReal Estate Buyer Brokers,N/A
Beachside Realty Co,(409) 497-4329,N/A,N/A,Real Estate AgentsReal Estate Buyer Brokers,N/A
Galvestonbay Properties,(409) 737-1545,N/A,N/A,Real Estate AgentsReal Estate Buyer Brokers,N/A
J Properties Management,(281) 532-6556,N/A,N/A,Real Estate AgentsReal Estate Buyer Brokers,N/A
J Properties Management,(281) 549-6811,N/A,N/A,Real Estate AgentsReal Estate Buyer Brokers,N/A
Bayshore Properties,(281) 549-6000,N/A,N/A,Real Estate AgentsReal Estate Buyer Brokers,N/A
Marge Curmbaker Real Estate Justice,(281) 559-3972,N/A,N/A,Real Estate AgentsReal Estate Buyer Brokers,N/A
Rose Above Realty,(281) 967-7416,N/A,N/A,Real Estate AgentsReal Estate Buyer Brokers,N/A
Reward Real Estate,(281) 337-5900,N/A,N/A,Real Estate AgentsReal Estate Buyer Brokers,N/A
Reward Realty,(281) 337-5900,N/A,N/A,Real Estate AgentsReal Estate Buyer Brokers,N/A
Map Properties,(281) 337-5480,N/A,N/A,Real Estate AgentsReal Estate Buyer Brokers,N/A
Krupa Properties 2,(281) 549-6453,N/A,N/A,Real Estate AgentsReal Estate Buyer Brokers,N/A
Krupa Properties 3,(281) 532-6478,N/A,N/A,Real Estate AgentsReal Estate Buyer Brokers,N/A
Centre Properties,(281) 334-2226,N/A,N/A,Real Estate AgentsReal Estate Buyer Brokers,N/A
Ryson Real Estate Bay,(281) 678-8660,N/A,N/A,Real Estate AgentsReal Estate Buyer Brokers,N/A
Past Solid Realtor,(832) 738-1037,N/A,N/A,Real Estate AgentsReal Estate Buyer Brokers,N/A
H and H Real Estate,(832) 864-3935,N/A,N/A,Real Estate AgentsReal Estate Buyer Brokers,N/A
Tyger Realty,(281) 967-7383,N/A,N/A,Real Estate AgentsReal Estate Buyer Brokers,N/A
Priority One Real Estate,(281) 724-1264,N/A,N/A,Real Estate AgentsReal Estate Buyer Brokers,N/A
Reward Realty,(281) 337-5900,N/A,N/A,Real Estate AgentsReal Estate Buyer Brokers,N/A
Dflo Properties,(281) 334-0477,N/A,N/A,Real Estate AgentsReal Estate Buyer Brokers,N/A
"Sutherland, Jerri, AGT",(281) 796-0153,N/A,N/A,Real Estate Agents,N/A
Pointe West Properties,(409) 539-5030,N/A,N/A,Real Estate Agents,N/A
Willis Properties & Reconstruction,(800) 676-0727,N/A,N/A,Real Estate Agents,N/A
Integrity Landmark Realty,(844) 921-1315,N/A,N/A,Real Estate Agents,N/A
Heins Properties Slideshow,(713) 522-4547,N/A,N/A,Real Estate Agents,N/A
Galveston Association-Realtors,(409) 763-8030,N/A,N/A,Real Estate Agents,N/A
Closing Time Property,(409) 744-5900,N/A,N/A,Real Estate Agents,N/A
"Santa, Fe, AGT",(409) 925-3562,N/A,N/A,Real Estate Agents,N/A
Inside Galveston Real Estate,(855) 421-2622,N/A,N/A,Real Estate Agents,N/A
Coba Group Inc,(409) 497-4460,N/A,N/A,Real Estate Agents,N/A
Henderson Group Inc,(409) 765-9410,N/A,N/A,Real Estate Agents,N/A
"Shepheard, Stephen",(281) 413-0738,N/A,N/A,Real Estate Agents,N/A
Antique Eclectic Props,(877) 936-8305,N/A,N/A,Real Estate Agents,N/A
STERLINGG Realtor Sales,(409) 737-3131,N/A,N/A,Real Estate Agents,N/A
Hamilton Real Estate,(409) 684-2000,N/A,N/A,Real Estate Agents,N/A
Sunrise Realty,(409) 925-1021,N/A,N/A,Real Estate Agents,N/A
Hayes Real Estate Inc,(409) 925-3562,N/A,N/A,Real Estate Agents,N/A
True Grit Realty Group,(409) 316-4203,N/A,N/A,Real Estate Agents,N/A
Better Homes & Gardens Gary Greene,(409) 737-4000,N/A,N/A,Real Estate Agents,N/A
"Patricia Zajack,Realtor",(409) 789-3199,N/A,N/A,Real Estate Agents,N/A
"Landry, Maureen",(281) 339-1563,N/A,N/A,Real Estate Agents,N/A
Hidden Paradise Realty Team,(281) 616-8401,N/A,N/A,Real Estate Agents,N/A
Zmm Property Developers,(281) 678-8722,N/A,N/A,Real Estate Agents,N/A
Corey Cole & Co Inc,(281) 224-3116,N/A,N/A,Real Estate Agents,N/A
"Saucier, Melissa",(281) 910-3431,N/A,N/A,Real Estate Agents,N/A
"Blythe, Stacy",(281) 900-1189,N/A,N/A,Real Estate Agents,N/A
"Croker, Alana, AGT",(832) 768-2019,N/A,N/A,Real Estate Agents,N/A
Rutledge Commercial Real Estate,(281) 957-7980,N/A,N/A,Real Estate Agents,N/A
Jtls Property Preservations,(832) 776-3749,N/A,N/A,Real Estate Agents,N/A
Onward Home Buyers,(281) 767-2345,N/A,N/A,Real Estate Agents,N/A
Barney Rapp Inc Realtors,(409) 763-6555,N/A,N/A,Real Estate AgentsReal Estate InvestingReal Estate Buyer Brokers,N/A
Galveston Association Realtors,(409) 740-7444,N/A,N/A,Real Estate AgentsReal Estate ManagementReal Estate Buyer Brokers,N/A
Sand Castles Realty,(409) 744-5700,N/A,N/A,Real Estate AgentsReal Estate Buyer Brokers,N/A
MBP Corp,(409) 763-5806,N/A,N/A,Real Estate AgentsReal Estate ManagementReal Estate Buyer Brokers,N/A
Frank Ball Realty,(409) 763-5668,N/A,N/A,Real Estate AgentsReal Estate Buyer Brokers,N/A
Gulf Coast Realtors,(281) 534-4853,N/A,N/A,Real Estate AgentsReal Estate Buyer Brokers,N/A
Multiple Listing Service,(409) 740-7444,N/A,N/A,Real Estate Agents,N/A
Galveston House Deals,(409) 622-3523,N/A,N/A,Real Estate AgentsForeclosure ServicesReal Estate Appraisers,N/A
The House Company,(409) 763-8030,N/A,N/A,Real Estate AgentsReal Estate ManagementLodging,N/A
Mitchell Historic Properties,(409) 762-0062,N/A,N/A,Real Estate AgentsReal Estate Buyer Brokers,
Keller Williams Realty Waterside Business Center,(281) 538-6400,N/A,N/A,Real Estate AgentsReal Estate ManagementReal Estate Buyer Brokers,
Gulf Coast Concierge,(409) 744-5716,N/A,N/A,Real Estate AgentsVacation Homes Rentals & SalesReal Estate Buyer Brokers,
Villa Marina Apartments,(409) 202-6387,N/A,N/A,Real Estate AgentsApartment Finder & Rental ServiceApartments,
Galveston Home Buyers,(409) 622-3523,N/A,N/A,Real Estate AgentsReal Estate InvestingReal Estate Buyer Brokers,N/A
Coldwell Banker,(713) 857-2309,N/A,N/A,Real Estate AgentsReal Estate Buyer BrokersCommercial Real Estate,N/A
Texas Coastal Realty,(409) 497-4115,N/A,N/A,Real Estate AgentsReal Estate Buyer BrokersReal Estate Rental Service,N/A
Priority Home Buyers | Sell My House Fast for Cash Houston Southeast,(713) 564-5589,N/A,N/A,Real Estate AgentsReal Estate Buyer BrokersAuctions,N/A
Captain's Landing Apartments,(409) 744-0457,N/A,N/A,Real Estate AgentsApartment Finder & Rental ServiceApartments,N/A
Stewart's Landing Apartments,(409) 231-6695,N/A,N/A,Real Estate AgentsApartment Finder & Rental ServiceApartments,N/A
Palm Bay Galveston,(281) 542-3462,N/A,N/A,Real Estate AgentsReal Estate Developers,N/A
Coldwell Banker,(713) 857-2309,N/A,N/A,Real Estate AgentsReal Estate Buyer BrokersReal Estate Developers,N/A
Coldwell Banker,(409) 740-4040,N/A,N/A,Real Estate AgentsReal Estate Buyer BrokersReal Estate Developers,N/A
Ocean Realty Galveston,(409) 497-2533,N/A,N/A,Real Estate AgentsReal Estate ManagementReal Estate Buyer Brokers,N/A
Property Management Galveston,(409) 741-8750,N/A,N/A,Real Estate AgentsReal Estate Buyer BrokersReal Estate Rental Service,N/A
RE/MAX Leading Edge,(409) 744-3300,N/A,N/A,Real Estate AgentsReal Estate Buyer BrokersReal Estate Consultants,N/A
Ravello at Tuscan Lakes Apartments,(281) 316-8484,N/A,N/A,Real Estate AgentsReal Estate ManagementCommercial Real Estate,N/A
Red Diamond Realty,(281) 678-8820,N/A,N/A,Real Estate AgentsReal Estate ManagementReal Estate Buyer Brokers,N/A
Quiroga Realty,(409) 740-3634,N/A,N/A,Real Estate AgentsTownhousesCondominiums,N/A
Island Realty/Apartment Locators,(409) 744-7253,N/A,N/A,Real Estate AgentsApartment Finder & Rental ServiceReal Estate Buyer Brokers,N/A
Sand 'N Sea Properties,(409) 797-5500,N/A,N/A,Real Estate AgentsVacation Homes Rentals & SalesCottages,N/A
Krupa Properties,(281) 532-6226,N/A,N/A,Real Estate AgentsReal Estate ManagementReal Estate Buyer Brokers,N/A
Realty By Kristin,(281) 816-7773,N/A,N/A,Real Estate AgentsReal Estate Investing,N/A
Island Bay Resort Apartment Homes,(409) 741-5300,N/A,N/A,Real Estate AgentsApartment Finder & Rental ServiceApartments,N/A
"Zubia, Lillian, RLTR",(832) 573-5063,N/A,N/A,Real Estate AgentsReal Estate Consultants,N/A
McCormack Baron Mgt,(409) 220-3578,N/A,N/A,Real Estate AgentsReal Estate Buyer Brokers,N/A
"Tuck, Pamela",(409) 765-7773,N/A,N/A,Real Estate AgentsReal Estate Buyer Brokers,N/A
Galveston,(409) 497-4644,N/A,N/A,Real Estate AgentsReal Estate Buyer Brokers,N/A
Eheredge Property Mngmt,(409) 766-7997,N/A,N/A,Real Estate AgentsReal Estate Management,N/A
Kathy McQueen,(281) 549-6382,N/A,N/A,Real Estate AgentsReal Estate Buyer Brokers,N/A
Moran Financial Service,(702) 460-1640,N/A,N/A,Real Estate AgentsInvestment Advisory Service,N/A
Carmen Graham Sharon Meier,(281) 337-2537,N/A,N/A,Real Estate AgentsAttorneysFamily Law Attorneys,N/A
Beachtown Galveston,(409) 762-2222,N/A,N/A,Real Estate AgentsReal Estate Buyer BrokersReal Estate Developers,N/A
Pointe West Properties,(409) 539-5030,N/A,N/A,Real Estate AgentsReal Estate ManagementProperty Maintenance,N/A
White Sands Galveston LP,(409) 220-3088,N/A,N/A,Real Estate AgentsReal Estate Buyer Brokers,N/A
Charna Graber Real Estate,(409) 744-5900,N/A,N/A,Real Estate Management,N/A
Walt Garvock,(409) 771-8350,N/A,N/A,Real Estate DevelopersHome BuildersGeneral Contractors,
Grand Villas at Tuscan Lakes,(281) 819-1027,N/A,N/A,ApartmentsReal Estate Rental ServiceApartment Finder & Rental Service,
A B Sea Resorts Sales & Rentals,(409) 740-1245,N/A,N/A,Real Estate ManagementReal Estate Rental ServiceResorts,
The Dawn on Galveston Beach,(409) 740-3111,N/A,N/A,Real Estate Rental ServiceApartments,
Chateau Lafitte Townhomes,(409) 762-6348,N/A,N/A,ApartmentsReal Estate Rental Service,
Village Manor Apartments,(409) 925-8972,N/A,N/A,ApartmentsReal Estate Rental Service,
Lafayette Properties,(409) 762-2025,N/A,N/A,Rooming HousesReal Estate Management,
Lankford Custom Homes LTD Company,(832) 315-9511,N/A,N/A,Home BuildersReal Estate DevelopersGeneral Contractors,
Dickinson Pines Apts,(281) 337-4937,N/A,N/A,Real Estate ManagementApartment Finder & Rental Service,
PNC Mortgage,(409) 925-2557,N/A,N/A,MortgagesReal Estate Loans,N/A
PNC Mortgage,(281) 337-1508,N/A,N/A,MortgagesReal Estate Loans,N/A
"We Fix Real Estate! Falcon Haven Properties, LLC",(409) 888-9053,N/A,N/A,Building Restoration & PreservationKitchen Planning & Remodeling ServiceProperty Maintenance,N/A
Cedars at Carver Park,(409) 974-4390,N/A,N/A,Real Estate Rental ServiceApartments,N/A
Ashton Place Apartments,(409) 489-4599,N/A,N/A,ApartmentsReal Estate Rental ServiceRental Vacancy Listing Service,N/A
Carriage Haus Rentals,(409) 572-9797,N/A,N/A,Real Estate Rental Service,N/A
Ferry Road Apartments,(409) 750-9792,N/A,N/A,ApartmentsReal Estate Rental ServiceApartment Finder & Rental Service,N/A
Tiara on the Beach Condoiminiums,(409) 974-4537,N/A,N/A,Real Estate Appraisers,N/A
Gulf Breeze Vacation Rentals,(409) 370-7685,N/A,N/A,MortgagesFinancing ServicesReal Estate Loans,N/A
Carelton Courtyard Apartments,(409) 762-2688,N/A,N/A,ApartmentsReal Estate Rental ServiceApartment Finder & Rental Service,N/A
Seascape Condominium Rentals,(409) 740-1245,N/A,N/A,CondominiumsCondominium ManagementReal Estate Rental Service,N/A
Villas on 517 Apartments,(281) 916-8339,N/A,N/A,ApartmentsReal Estate Rental ServiceApartment Finder & Rental Service,N/A
Bahia Cove Apartments,(281) 534-2100,N/A,N/A,ApartmentsApartment Finder & Rental ServiceReal Estate Rental Service,N/A
Livano Kemah,(832) 952-0642,N/A,N/A,Apartment Finder & Rental ServiceApartmentsReal Estate Rental Service,N/A
Grand Welcome Galveston Vacation Rental Property Management,(409) 255-0469,N/A,N/A,Real Estate Management,N/A
Villas on the Strand,(409) 215-0143,N/A,N/A,Real Estate Management,N/A
Coastal Living Properties Galveston,(409) 996-9821,N/A,N/A,Real Estate Buyer Brokers,N/A
Gulf Coast Palms Property Management,(409) 245-8899,N/A,N/A,Real Estate Management,N/A
"S&D Coastal Construction, LLC",(281) 549-6190,N/A,N/A,General ContractorsReal Estate DevelopersBuilding Contractors-Commercial & Industrial,N/A
Bayway Homes,(281) 534-3800,N/A,N/A,Home BuildersGeneral ContractorsReal Estate Developers,N/A
The Virtual Realty Group,(409) 354-8698,N/A,N/A,Real Estate Buyer Brokers,N/A
The Larry Weber Company,(281) 486-9543,N/A,N/A,Real Estate AppraisersReal Estate Consultants,N/A
Cornelius Realty & Appraisal,(409) 763-1950,N/A,N/A,Real Estate AppraisersReal Estate Buyer Brokers,N/A
Bay Area Real Property Appraisers & Consultants,(409) 762-8453,N/A,N/A,Real Estate AppraisersReal Estate Buyer BrokersAppraisers,N/A
B H Management,(409) 763-4323,N/A,N/A,Real Estate ManagementReal Estate Rental Service,N/A
Heritage Crossing,(409) 925-3838,N/A,N/A,Apartment Finder & Rental ServiceReal Estate Rental ServiceReal Estate Management,N/A
Hidden Pines,(281) 337-4937,N/A,N/A,Real Estate ManagementReal Estate Rental Service,N/A
Beacon Lakes Apartments,(832) 340-7686,N/A,N/A,Apartment Finder & Rental ServiceReal Estate Rental ServiceReal Estate Management,N/A
Pulte Homes,(832) 932-5418,N/A,N/A,Home BuildersReal Estate DevelopersReal Estate Buyer Brokers,N/A
Coastalhousehunters.com,(409) 392-0242,N/A,N/A,Landscape Designers & ConsultantsReal Estate InvestingInvestment Management,N/A
Rennick Real Estate Investment,(409) 763-1010,N/A,N/A,Real Estate Investing,N/A
Lhm Investments,(409) 333-2574,N/A,N/A,Real Estate Investing,N/A
Eight Estate Investments,(281) 967-7684,N/A,N/A,Real Estate Investing,N/A
We Buy Houston Houses Fast Cash,(281) 683-2229,N/A,N/A,Real Estate Investing,N/A
Coastal Palm Investments,(832) 453-5753,N/A,N/A,Real Estate Investing,N/A
Blue Valley Apt,(409) 740-4310,N/A,N/A,ApartmentsReal Estate Rental Service,N/A
"Tradewinds Appraisals, LLC",(409) 750-3180,N/A,N/A,Real Estate AppraisersAppraisers,N/A
Dean Appraisal Services,(409) 763-8685,N/A,N/A,AppraisersReal Estate Appraisers,N/A
Galveston Midtown Development Corp,(409) 762-8020,N/A,N/A,Real Estate Rental ServiceOffice Buildings & Parks,N/A
Graber Family Partnership,(409) 740-1234,N/A,N/A,Real Estate Rental Service,N/A
W B Travis Apartments,(409) 744-4317,N/A,N/A,ApartmentsReal Estate Rental Service,N/A
Galveston First Realty,(409) 539-2322,N/A,N/A,Commercial Real Estate,N/A
Broadwater Apartments,(409) 744-6400,N/A,N/A,ApartmentsReal Estate Rental Service,N/A
Residence at West Beach Apartments,(409) 744-9100,N/A,N/A,ApartmentsReal Estate Rental Service,N/A
Somerset Apartments,(409) 744-7272,N/A,N/A,ApartmentsReal Estate Rental Service,N/A
Beacon Place,(409) 741-9398,N/A,N/A,Real Estate Rental ServiceApartments,N/A
Starr Company,(409) 316-9807,N/A,N/A,Real Estate Rental ServiceOffice Buildings & Parks,N/A
Leopold Bill & Associates,(409) 762-1902,N/A,N/A,Commercial Real Estate,N/A
Autumn Place,(409) 539-5942,N/A,N/A,Real Estate Rental Service,N/A
Galveston Bay Properties,(409) 939-5563,N/A,N/A,Real Estate Rental Service,N/A
Antigua Apartments,(409) 744-5576,N/A,N/A,ApartmentsReal Estate Rental Service,N/A
Church Street Apartments,(409) 539-5441,N/A,N/A,ApartmentsReal Estate Rental Service,N/A
The Palms at Cove View,(409) 744-0075,N/A,N/A,ApartmentsCondominiumsReal Estate Rental Service,N/A
Ebbtide Apartments,(409) 682-3806,N/A,N/A,ApartmentsReal Estate Rental ServiceCondominiums,N/A
Beachin Rides & Rentals,(409) 443-5321,N/A,N/A,Real Estate Rental Service,N/A
Cottage By The Gulf,(409) 770-9332,N/A,N/A,Real Estate Rental ServiceVacation Homes Rentals & Sales,N/A
Weldon King & Associates,(281) 996-9023,N/A,N/A,Real Estate Appraisers,N/A
Valhalla Ventures,(832) 628-5044,N/A,N/A,Real Estate Consultants,N/A
Blue Den,(281) 957-9780,N/A,N/A,Real Estate Rental ServiceOffice Buildings & Parks,N/A
Jvm Technology,(281) 559-2207,N/A,N/A,Real Estate Rental ServiceOffice Buildings & Parks,N/A
Murray Richard & Assoc Rltrs,(281) 559-2205,N/A,N/A,Commercial Real Estate,N/A
Morgan Pyle,(832) 340-7626,N/A,N/A,Real Estate Rental ServiceOffice Buildings & Parks,N/A
Church Village Apartments,(281) 337-3579,N/A,N/A,ApartmentsReal Estate Rental Service,N/A
Bay Ridge Apartments,(281) 334-1591,N/A,N/A,ApartmentsReal Estate Rental Service,N/A
Properties Almost Home,(281) 549-6142,N/A,N/A,Commercial Real Estate,N/A
Bayou Village,(281) 337-6405,N/A,N/A,ApartmentsReal Estate Rental Service,N/A
Wells Fargo Home Mortgage,(281) 554-8627,N/A,N/A,MortgagesLoansReal Estate Loans,N/A
Dickinson Arms Apartments,(281) 337-3621,N/A,N/A,ApartmentsReal Estate Rental ServiceApartment Finder & Rental Service,N/A
Hank Gregory Builders Inc,(409) 765-6450,N/A,N/A,Home BuildersReal Estate DevelopersGeneral Contractors,N/A
Soar Vacational Rental,(409) 877-4415,N/A,N/A,Vacation Homes Rentals & SalesCottagesRental Service Stores & Yards,N/A
Coastal Waves Vacations,(409) 502-2719,N/A,N/A,Vacation Homes Rentals & SalesReal Estate Management,N/A
Carr Construction Services,(409) 974-4673,N/A,N/A,General ContractorsReal Estate Developers,N/A
Traton Homes,(409) 497-2771,N/A,N/A,Real Estate Developers,N/A
Evia,(409) 744-5555,N/A,N/A,Real Estate Developers,N/A
GPM Inc,(409) 762-6032,N/A,N/A,Real Estate Management,N/A
Terra Cotta Homes,(409) 497-4707,N/A,N/A,Home BuildersReal Estate Developers,N/A
Galveston County Apartment Assoc,(409) 762-8339,N/A,N/A,Real Estate Management,N/A
Jamail and Smith Construction,(409) 497-2483,N/A,N/A,Building Contractors-Commercial & IndustrialReal Estate Developers,N/A
Seaside Construction & Remodeling,(409) 256-4888,N/A,N/A,General ContractorsHome ImprovementsReal Estate Developers,N/A
Porter Vacation Rental Management - Texas,(409) 770-3872,N/A,N/A,Vacation Homes Rentals & SalesReal Estate Management,N/A
DSW Homes,(409) 744-3400,N/A,N/A,Home BuildersBuilding ContractorsReal Estate Developers,N/A
View Grand Builder,(409) 316-9194,N/A,N/A,Real Estate Developers,N/A
Moore & Shelton,(409) 762-3209,N/A,N/A,Real Estate Management,N/A
Spectrum Organization,(409) 632-2094,N/A,N/A,Real Estate Management,N/A
Vaughn Construction,(409) 220-3514,N/A,N/A,Building Contractors-Commercial & IndustrialReal Estate Developers,N/A
Lee Deforke Jr,(409) 739-1299,N/A,N/A,Real Estate Buyer Brokers,N/A
Gehan Homes at Lago Mar Premier,(409) 316-9558,N/A,N/A,Home BuildersReal Estate Developers,N/A
Empire Model Homes,(409) 316-9691,N/A,N/A,Real Estate Developers,N/A
Highland Homes Limited,(409) 316-4212,N/A,N/A,Real Estate Developers,N/A
Tricoast Homes,(409) 316-4368,N/A,N/A,Real Estate Developers,N/A
Galveston County Apartment Assoc,(409) 762-8339,N/A,N/A,Real Estate Management,N/A
Liberty Home Builders,(409) 927-5762,N/A,N/A,Real Estate Developers,N/A
Jt Vaughn Construction,(409) 770-0747,N/A,N/A,General ContractorsReal Estate DevelopersBuilding Contractors-Commercial & Industrial,N/A
Deem Realty,(409) 737-4400,N/A,N/A,Home BuildersReal Estate Developers,N/A
Breton Woods Builders Inc,(409) 974-4621,N/A,N/A,General ContractorsReal Estate Developers,N/A
Wagner Construction,(409) 744-4173,N/A,N/A,Building Contractors-Commercial & IndustrialReal Estate Developers,N/A
Colina Homes,(409) 316-4408,N/A,N/A,Real Estate Developers,N/A
Egret Bay Builders,(409) 632-2311,N/A,N/A,Real Estate Developers,N/A
Diamond Beach Homeowner Association,(409) 744-8200,N/A,N/A,Association ManagementAssociationsReal Estate Management,N/A
Kahala Development,(409) 737-2200,N/A,N/A,Real Estate Developers,N/A
DFW Texas Builders Inc,(409) 443-5385,N/A,N/A,General ContractorsBuilding Contractors-Commercial & IndustrialReal Estate Developers,N/A
Purple Sage Construction,(409) 737-3005,N/A,N/A,General ContractorsInsulation ContractorsReal Estate Developers,N/A
Bilmar Homes,(409) 925-1215,N/A,N/A,Home BuildersReal Estate Developers,N/A
Bay Point Builders,(409) 497-2660,N/A,N/A,Home BuildersBuilding Contractors-Commercial & IndustrialReal Estate Developers,N/A
Santa Fe Plaza Apartments,(409) 925-8475,N/A,N/A,Apartment Finder & Rental ServiceReal Estate ManagementApartments,N/A
Moran Arias Construction,(409) 440-8082,N/A,N/A,General ContractorsReal Estate DevelopersBuilding Contractors-Commercial & Industrial,N/A
D Wagner Construction,(409) 925-3702,N/A,N/A,General ContractorsReal Estate DevelopersBuilding Contractors-Commercial & Industrial,N/A
Boherty Construction,(409) 316-9732,N/A,N/A,General ContractorsReal Estate DevelopersBuilding Contractors-Commercial & Industrial,N/A
Sand N Sea Rentals & Sales,(409) 737-2556,N/A,N/A,Rental Service Stores & YardsReal Estate Buyer Brokers,N/A
Migliore Construction Inc,(409) 737-3986,N/A,N/A,Home BuildersReal Estate Developers,N/A
Jamail & Smith Construction,(409) 497-4760,N/A,N/A,General ContractorsReal Estate DevelopersBuilding Contractors-Commercial & Industrial,N/A
Banyon Bay,(832) 738-1888,N/A,N/A,Real Estate ManagementApartment Finder & Rental Service,N/A
Colina Homes,(281) 967-7099,N/A,N/A,Real Estate Developers,N/A
Green Eco Builders,(281) 559-1970,N/A,N/A,General ContractorsBuilding Contractors-Commercial & IndustrialReal Estate Developers,N/A
Jones-Rund Ltd,(281) 559-1888,N/A,N/A,Real Estate Management,N/A
Jardina Homes,(281) 559-4663,N/A,N/A,Home BuildersReal Estate Developers,N/A
Putnam Builders,(281) 339-0838,N/A,N/A,Home BuildersArchitects & Builders ServicesReal Estate Developers,N/A
Courtyard Apartments,(281) 337-8845,N/A,N/A,Apartment Finder & Rental ServiceReal Estate ManagementApartments,N/A
Cameo Place,(281) 337-4088,N/A,N/A,Real Estate Developers,N/A
Royce Homes,(281) 337-4890,N/A,N/A,Home BuildersReal Estate Developers,N/A
Gehan Homes Coastal Point,(281) 549-4573,N/A,N/A,Real Estate Developers,N/A
Bayway Homes,(281) 534-0600,N/A,N/A,Home BuildersReal Estate Developers,N/A
R G Reeder Builder,(281) 337-1008,N/A,N/A,General ContractorsReal Estate DevelopersBuilding Contractors,N/A
Co CBM Builders,(281) 678-8382,N/A,N/A,Home BuildersBuilding Contractors-Commercial & IndustrialReal Estate Developers,N/A
Kee Construction,(281) 967-7779,N/A,N/A,General ContractorsReal Estate DevelopersHome Builders,N/A
Taylor Woodrow Homes,(281) 334-1752,N/A,N/A,Home BuildersReal Estate Developers,N/A
Gehan Homes at Hidden Lakes Premier,(281) 534-2351,N/A,N/A,Home BuildersReal Estate Developers,N/A
Dynamic Construction Texas,(281) 678-8031,N/A,N/A,General ContractorsReal Estate Developers,N/A
Professional Construction Inc,(281) 337-5191,N/A,N/A,General ContractorsReal Estate Developers,N/A
Gehan Homes LTD,(281) 334-1585,N/A,N/A,Home BuildersReal Estate Developers,N/A
Rncm Property Managment,(281) 957-9516,N/A,N/A,Real Estate Management,N/A
Gehan Homes,(281) 334-7977,N/A,N/A,Real Estate Developers,N/A
Brighton Homes,(281) 337-4305,N/A,N/A,Home BuildersReal Estate Developers,N/A
Gehan Homes at Hidden Lakes Classic,(281) 334-2939,N/A,N/A,Home BuildersReal Estate Developers,N/A
D.R. Horton,(281) 316-2523,N/A,N/A,Home BuildersReal Estate Developers,N/A
Newport Pacific,(281) 334-6426,N/A,N/A,Real Estate Management,N/A
Melrose Custom Homes Inc,(281) 538-1717,N/A,N/A,Home BuildersReal Estate Developers,N/A
Newport Pacific,(281) 339-7717,N/A,N/A,Real Estate Management,N/A
Altair Construction,(281) 957-9235,N/A,N/A,General ContractorsReal Estate DevelopersBuilding Contractors-Commercial & Industrial,N/A
Brighton Homes,(832) 738-1326,N/A,N/A,Real Estate Developers,N/A
Wilshire Homes,(281) 338-5522,N/A,N/A,Home BuildersReal Estate Developers,N/A
Lancaster Homes,(281) 334-7300,N/A,N/A,Home BuildersReal Estate Developers,N/A
D.R. Horton,(281) 338-1518,N/A,N/A,Home BuildersReal Estate Developers,N/A
Westin Homes Westin Homes,(281) 724-9338,N/A,N/A,Real Estate Developers,N/A
Trophy Homes,(281) 337-5194,N/A,N/A,Home BuildersReal Estate Developers,N/A
Solid Rock Construction 11,(281) 957-9316,N/A,N/A,Real Estate Developers,N/A
Island Real Estate Professionals,(409) 939-4144,N/A,N/A,Real Estate InvestingReal Estate Buyer Brokers,N/A
Oleanders on Broadway,(409) 515-4010,N/A,N/A,Real Estate Rental Service,N/A
K. Hovnanian Homes Centennial Oaks,(888) 691-5163,N/A,N/A,Home BuildersReal Estate Developers,N/A
Keith Downs Custom Homes,(409) 350-9004,N/A,N/A,Home BuildersGeneral ContractorsReal Estate Developers,N/A
Spicer Larry General Contractor,(409) 762-1081,N/A,N/A,General ContractorsReal Estate DevelopersBuilding Contractors,N/A
Clark Homes,(409) 941-0222,N/A,N/A,Home BuildersReal Estate Developers,N/A
Higginbotham Construction Inc,(409) 945-4087,N/A,N/A,General ContractorsReal Estate Developers,N/A
Charles Michael Custom Homes,(409) 684-1001,N/A,N/A,Home BuildersReal Estate Developers,N/A
Walz Family Builders,(409) 515-8126,N/A,N/A,Home BuildersReal Estate Developers,N/A
Mohagany Builders Inc,(409) 945-5121,N/A,N/A,General ContractorsReal Estate DevelopersBuilding Contractors,N/A
Mainland Builders Inc,(409) 943-4242,N/A,N/A,General ContractorsReal Estate DevelopersBuilding Contractors,N/A
Kwt,(409) 684-1275,N/A,N/A,Home BuildersReal Estate DevelopersConcrete Contractors,N/A
Reynolds Construction,(409) 939-8033,N/A,N/A,Construction ConsultantsBuilding ContractorsSports Instruction,N/A
Seaside Village,(409) 763-5890,N/A,N/A,ApartmentsReal Estate Rental ServiceApartment Finder & Rental Service,N/A
Amoco Federal Credit Union,(409) 925-9100,N/A,N/A,Credit UnionsBanksMortgages,N/A
PNC Mortgage,(281) 326-1507,N/A,N/A,MortgagesReal Estate Loans,N/A
"Edmonson & Associates, Inc., Realtors",(281) 326-5544,N/A,N/A,Real Estate AgentsReal Estate ManagementReal Estate Buyer Brokers,
Third Coast Home Buyers,(832) 930-1624,N/A,N/A,Real Estate AgentsReal Estate ManagementReal Estate Consultants,N/A
Real Estate Connections International,(281) 338-8088,N/A,N/A,Real Estate AgentsReal Estate Buyer Brokers,N/A
Phyllis Foster Real Estate Services,(281) 334-7653,N/A,N/A,Real Estate AgentsReal Estate Buyer Brokers,
Delva Real Estate Services,(281) 335-8261,N/A,N/A,Real Estate AgentsReal Estate Buyer Brokers,
Re/Max,(281) 334-3344,N/A,N/A,Real Estate AgentsReal Estate Buyer Brokers,N/A
"Kristina Jones-Castillo, Better Homes & Gardens Real Estate, Realtor, Notary",(832) 858-3861,N/A,N/A,Real Estate Agents,N/A
Better Homes & Gardens Gary Greene,(281) 486-1900,N/A,N/A,Real Estate AgentsReal Estate DevelopersReal Estate Buyer Brokers,N/A
Re/Max Southeast,(281) 487-3363,N/A,N/A,Real Estate AgentsCommercial Real EstateReal Estate Buyer Brokers,N/A
Kim Oldfield-Realtor,(713) 857-7824,N/A,N/A,Real Estate AgentsReal Estate Consultants,N/A
Phillip Himes - eXp Realty,(832) 338-4561,N/A,N/A,Real Estate AgentsReal Estate Consultants,N/A
Lennar Homes - The Trails at Bay Colony: Brookstone,(281) 421-2006,N/A,N/A,Real Estate AgentsReal Estate Developers,N/A
"Jason Lane Wright, Realtor",(505) 450-7026,N/A,N/A,Real Estate Agents,N/A
Marly Freeman Realty,(281) 617-6857,N/A,N/A,Real Estate Agents,N/A
THE Realty Partnership,(281) 224-7800,N/A,N/A,Real Estate Agents,N/A
Re/Max,(281) 338-3000,N/A,N/A,Real Estate AgentsReal Estate ManagementReal Estate Buyer Brokers,N/A
RE/MAX Crossroads Realty II,(281) 900-1189,N/A,N/A,Real Estate AgentsReal Estate Buyer BrokersReal Estate Consultants,N/A
Remax,(281) 554-7653,N/A,N/A,Real Estate AgentsReal Estate Buyer BrokersReal Estate Consultants,N/A
Re/Max,(281) 957-9876,N/A,N/A,Real Estate AgentsReal Estate Buyer BrokersReal Estate Consultants,N/A
Re/Max,(281) 474-1111,N/A,N/A,Real Estate AgentsReal Estate Buyer BrokersReal Estate Consultants,N/A
Parissos Wholesale Homes,(281) 724-1019,N/A,N/A,Real Estate AgentsReal Estate ManagementReal Estate Developers,N/A
Trammell Crow Company,(281) 334-2279,N/A,N/A,Real Estate AgentsReal Estate Buyer BrokersCommercial Real Estate,N/A
Clear Lake Realty Inc,(281) 338-1000,N/A,N/A,Real Estate AgentsReal Estate Buyer BrokersCommercial Real Estate,N/A
Realty Executives International,(281) 488-0345,N/A,N/A,Real Estate AgentsReal Estate Buyer BrokersReal Estate Consultants,N/A
CB Richard Ellis Inc,(832) 864-2454,N/A,N/A,Real Estate AgentsReal Estate Buyer BrokersCommercial Real Estate,N/A
Prudential Real Estate,(281) 333-5300,N/A,N/A,Real Estate AgentsReal Estate Buyer BrokersCommercial Real Estate,N/A
Keller Williams Realty,(281) 336-7413,N/A,N/A,Real Estate AgentsReal Estate Buyer BrokersReal Estate Consultants,N/A
Prudential Real Estate,(713) 248-3255,N/A,N/A,Real Estate AgentsReal Estate Buyer BrokersCommercial Real Estate,N/A
Harbour Classic Builders,(281) 538-7967,N/A,N/A,Real Estate AgentsReal Estate DevelopersReal Estate Buyer Brokers,N/A
Txbuyers.com,(832) 900-7716,N/A,N/A,Real Estate AgentsReal Estate Consultants,N/A
Kompass Realty,(281) 538-9992,N/A,N/A,Real Estate AgentsCommercial Real Estate,N/A
Innovative Realty Group,(281) 326-4663,N/A,N/A,Real Estate AgentsReal Estate ConsultantsApartment Finder & Rental Service,N/A
Griffin Partners Nassau Bay,(281) 333-3223,N/A,N/A,Real Estate AgentsCommercial Real Estate,N/A
R Nelson Real Estate,(409) 927-1764,N/A,N/A,Real Estate AgentsReal Estate Management,N/A
Clear Lake Today,(281) 549-4380,N/A,N/A,Real Estate AgentsReal Estate Buyer Brokers,N/A
Lennar,(832) 738-1064,N/A,N/A,Real Estate AgentsReal Estate Developers,N/A
Newbirth Properties,(281) 399-5712,N/A,N/A,Real Estate AgentsReal Estate Buyer Brokers,N/A
Lennar,(281) 337-5683,N/A,N/A,Real Estate AgentsReal Estate Developers,N/A
Boardwalk Real Estate,(281) 724-3788,N/A,N/A,Real Estate AgentsReal Estate Buyer Brokers,N/A
Corporation Commercial Houston,(281) 535-5333,N/A,N/A,Real Estate AgentsReal Estate Buyer Brokers,N/A
Ranchland Network,(281) 334-4114,N/A,N/A,Real Estate AgentsReal Estate Buyer Brokers,N/A
Kimberly Harding Realty,(281) 724-1783,N/A,N/A,Real Estate AgentsReal Estate Buyer Brokers,N/A
Logos Real Estate,(281) 942-9761,N/A,N/A,Real Estate AgentsReal Estate Buyer Brokers,N/A
Anchor Real Estate,(281) 942-9312,N/A,N/A,Real Estate AgentsReal Estate Buyer Brokers,N/A
New Home Locators,(832) 373-2755,N/A,N/A,Real Estate AgentsReal Estate Buyer Brokers,N/A
Houston's Select Realty,(281) 532-1200,N/A,N/A,Real Estate AgentsReal Estate Buyer Brokers,N/A
Southern Cross Properties Inc,(281) 549-4808,N/A,N/A,Real Estate AgentsReal Estate Buyer Brokers,N/A
Logos Real Estate,(281) 942-9214,N/A,N/A,Real Estate AgentsReal Estate Buyer Brokers,N/A
Guaranteed Real Estate Solutions,(281) 549-6860,N/A,N/A,Real Estate AgentsReal Estate Buyer Brokers,N/A
Buon Properties,(281) 984-7174,N/A,N/A,Real Estate AgentsReal Estate Buyer Brokers,N/A
Troy Chase Realty Group,(281) 549-4733,N/A,N/A,Real Estate AgentsReal Estate Buyer Brokers,N/A
Freeman Realty,(281) 532-6346,N/A,N/A,Real Estate AgentsReal Estate Buyer Brokers,N/A
Phyllis Foster Real Estate Service,(281) 334-7653,N/A,N/A,Real Estate AgentsReal Estate Buyer Brokers,N/A
Frances Mack Realtor,(877) 740-1782,N/A,N/A,Real Estate AgentsReal Estate Buyer Brokers,N/A
Sedona Real Estate Services,(281) 545-5070,N/A,N/A,Real Estate AgentsReal Estate Buyer Brokers,N/A
VP Real Estate,(281) 338-6717,N/A,N/A,Real Estate AgentsReal Estate Buyer Brokers,N/A
Pace Realtors,(281) 479-9100,N/A,N/A,Real Estate AgentsReal Estate Buyer Brokers,N/A
Westdale Real Estate,(281) 326-0170,N/A,N/A,Real Estate AgentsReal Estate Buyer Brokers,N/A
Jlw Real Estate LTD,(281) 333-9606,N/A,N/A,Real Estate AgentsReal Estate Buyer Brokers,N/A
Stall Dorothy & Associates,(281) 333-1000,N/A,N/A,Real Estate AgentsReal Estate Buyer Brokers,N/A
Clw Real Estate LP,(281) 333-3280,N/A,N/A,Real Estate AgentsReal Estate Buyer Brokers,N/A
Top Properties,(281) 335-8677,N/A,N/A,Real Estate AgentsReal Estate Buyer Brokers,N/A
